{"cameraMode":{"drawMode":0,"name":"Shaded","section":"Shading Mode"},"sceneLighting":true,"audioPlay":false,"sceneViewState":{"m_AlwaysRefresh":false,"showFog":true,"showSkybox":true,"showFlares":true,"showImageEffects":true,"showParticleSystems":true,"showVisualEffectGraphs":true,"m_FxEnabled":true},"in2DMode":false,"pivot":{"x":-37.941471099853519,"y":88.06106567382813,"z":-217.75958251953126},"rotation":{"x":0.18479089438915254,"y":-0.17729096114635468,"z":0.033912718296051028,"w":0.9660599231719971},"size":455.40960693359377,"orthographic":false}